title,author,date,url
"What's Really Real",MJ Polk,2026-08-11,https://www.southernwritersguild.com/the-porch/what-s-really-real/
The SWG Circular,SWG,2026-08-10,https://www.southernwritersguild.com/the-porch/the-swg-circular/
The Frogs of Delmore County,primalbeet,2026-07-27,https://www.southernwritersguild.com/the-porch/the-frogs-of-delmore-county/
Buffalo Jump,primalbeet,2026-07-23,https://www.southernwritersguild.com/the-porch/buffalo-jump/
The Scenic Route,Gray + Beau,2026-07-20,https://www.southernwritersguild.com/the-porch/the-scenic-route/
The Prize,Gray,2026-07-13,https://www.southernwritersguild.com/the-porch/the-prize/
Whistlepigs,primalbeet,2026-07-06,https://www.southernwritersguild.com/the-porch/whistlepigs/
Old Mexico,Hank Cotton,2026-06-29,https://www.southernwritersguild.com/the-porch/old-mexico/
Corn Is A Good Thang,MJ Polk,2026-06-15,https://www.southernwritersguild.com/the-porch/corn-is-a-good-thang/
Dinner on the Grounds,primalbeet,2026-06-08,https://www.southernwritersguild.com/the-porch/dinner-on-the-grounds/
Grand Opening,primalbeet,2026-05-25,https://www.southernwritersguild.com/the-porch/grand-opening/
Mountain Jam Session,Gray,2026-05-24,https://www.southernwritersguild.com/the-porch/mountain-jam-session/
Cadi-Mae,MJ Polk,2026-05-18,https://www.southernwritersguild.com/the-porch/cadi-mae/
Elvis Night at Andy's,Hank Cotton + Gray + Beau,2026-05-11,https://www.southernwritersguild.com/the-porch/elvis-night-at-andy-s/
Sarah MacDougal's Mushroom Pie,primalbeet + Gray,2026-04-27,https://www.southernwritersguild.com/the-porch/sarah-macdougal-s-mushroom-pie/
"Backstory of ""The Cooler""",Hank Cotton + Gray + Beau,2026-04-20,https://www.southernwritersguild.com/the-porch/backstory-of-the-cooler/
The Little Shops That Were,Gray + Hank Cotton + Beau,2026-03-16,https://www.southernwritersguild.com/the-porch/the-little-shops-that-were/
Best in Show,primalbeet,2026-03-09,https://www.southernwritersguild.com/the-porch/best-in-show/
Spare Tire,Beau + Gray + Hank Cotton,2026-03-02,https://www.southernwritersguild.com/the-porch/spare-tire/
Nostalgia and Aha Moments,primalbeet,2026-02-25,https://www.southernwritersguild.com/the-porch/nostalgia-and-aha-moments/
Topeka or Bust,MJ Polk,2026-02-23,https://www.southernwritersguild.com/the-porch/topeka-or-bust/
Poker Night,Gray + Beau,2026-02-17,https://www.southernwritersguild.com/the-porch/poker-night/
Pourable,Gray,2026-02-10,https://www.southernwritersguild.com/the-porch/pourable/
The Device,Gray,2026-02-03,https://www.southernwritersguild.com/the-porch/the-device/
The Pensacola Incident,Gray + primalbeet,2026-01-26,https://www.southernwritersguild.com/the-porch/the-pensacola-incident/
The Knoxville Southern Fried Poetry Slam,Beau + Gray,2026-01-21,https://www.southernwritersguild.com/the-porch/the-knoxville-southern-fried-poetry-slam/
Jean-Paul,primalbeet,2026-01-08,https://www.southernwritersguild.com/the-porch/jean-paul/
Right Place Wrong Time,Hank Cotton,2026-01-08,https://www.southernwritersguild.com/the-porch/right-place-wrong-time/
Beau Guards the Cooler,Beau,2026-01-08,https://www.southernwritersguild.com/the-porch/beau-guards-the-cooler/
The Porch,primalbeet,2026-01-08,https://www.southernwritersguild.com/the-porch/the-porch-origin/
Where the Story Takes Us,Gray,2026-01-08,https://www.southernwritersguild.com/the-porch/where-the-story-takes-us/
Wyoming,Hank Cotton,2026-01-07,https://www.southernwritersguild.com/the-porch/wyoming/
Bang Bang,Hank Cotton,2026-01-07,https://www.southernwritersguild.com/the-porch/bang-bang/
Active Shooter,Hank Cotton,2026-01-07,https://www.southernwritersguild.com/the-porch/active-shooter/
Cypress and Ruins,Gray,2026-01-07,https://www.southernwritersguild.com/the-porch/cypress-and-ruins/
The Alabama Jubilee Hot Air Balloon Classic,primalbeet,2026-01-07,https://www.southernwritersguild.com/the-porch/the-alabama-jubilee-hot-air-balloon-classic/
The Cooler,Hank Cotton,2026-01-07,https://www.southernwritersguild.com/the-porch/the-cooler/
Gracelets,Gray,2026-01-06,https://www.southernwritersguild.com/the-porch/gracelets/
Not on Purpose,Gray,2026-01-05,https://www.southernwritersguild.com/the-porch/not-on-purpose/
